{
    "pm10": {
        "mean": 119.64192300175887,
        "std": 87.09568922731155
    },
    "pm2.5": {
        "mean": 65.17142857142856,
        "std": 40.64722600947971
    },
    "co": {
        "mean": 900.7747899159664,
        "std": 774.0635119964395
    },
    "no2": {
        "mean": 32.04199335548172,
        "std": 28.40289117241331
    },
    "so2": {
        "mean": 23.81770959546609,
        "std": 18.15591966619136
    },
    "o3": {
        "mean": 64.224975571624,
        "std": 28.260987890494036
    },
    "Temperature": {
        "mean": 22.63832323627125,
        "std": 8.085443189799319
    },
    "Wind Speed": {
        "mean": 8.433034981434435,
        "std": 4.840013762915016
    },
    "Surface Pressure": {
        "mean": 984.9409927692008,
        "std": 6.964303545485218
    },
    "cloud": {
        "mean": 0.31557892822753436,
        "std": 0.28305935749979105
    },
    "co.1": {
        "mean": 0.0411012702798827,
        "std": 0.006447974799701054
    },
    "ozone": {
        "mean": 0.12726937192522964,
        "std": 0.0067828911315398425
    }
}